Pair,Annualized Return,Annualized Volatility,Sharpe Ratio,Max Drawdown,Win Rate,p-value
TFC-USB,0.03158791778585668,0.036124721846951945,0.87441276142371,-0.04563994501224257,0.024146981627296588,0.013454479734104997
BAC-PNC,-0.007634303688744959,0.04463920497250019,-0.17102239373322267,-0.15289771973817284,0.02099737532808399,0.0035038946692180573
